product_id,category,product_name,required_evidence,review_status
"carbonate","Condiments","Carbonate","Front/back product label; full ingredient list; allergens; correct item identity.","AWAITING_VERIFICATION"
"chinese-salt","Condiments","Chinese Salt","Front/back product label; full ingredient list; allergens; correct item identity.","AWAITING_VERIFICATION"
"bisco-choco","Debsy Carob","Bisco Choco","Actual brand packaging; complete ingredients; allergens; sweetener details; verify any no-added-sugar claim.","AWAITING_VERIFICATION"
"caramel-craze","Debsy Carob","Caramel Craze","Actual brand packaging; complete ingredients; allergens; sweetener details; verify any no-added-sugar claim.","AWAITING_VERIFICATION"
"carobella","Debsy Carob","Carobella","Actual brand packaging; complete ingredients; allergens; sweetener details; verify any no-added-sugar claim.","AWAITING_VERIFICATION"
"cherry-craze","Debsy Carob","Cherry Craze","Actual brand packaging; complete ingredients; allergens; sweetener details; verify any no-added-sugar claim.","AWAITING_VERIFICATION"
"chocopeas","Debsy Carob","Chocopeas","Actual brand packaging; complete ingredients; allergens; sweetener details; verify any no-added-sugar claim.","AWAITING_VERIFICATION"
"craze-control","Debsy Carob","Craze Control","Actual brand packaging; complete ingredients; allergens; sweetener details; verify any no-added-sugar claim.","AWAITING_VERIFICATION"
"crunchy-craze","Debsy Carob","Crunchy Craze","Actual brand packaging; complete ingredients; allergens; sweetener details; verify any no-added-sugar claim.","AWAITING_VERIFICATION"
"debsy-pretzy","Debsy Carob","Debsy Pretzy","Actual brand packaging; complete ingredients; allergens; sweetener details; verify any no-added-sugar claim.","AWAITING_VERIFICATION"
"hazelnut-craze","Debsy Carob","Hazelnut Craze","Actual brand packaging; complete ingredients; allergens; sweetener details; verify any no-added-sugar claim.","AWAITING_VERIFICATION"
"nutty-bites","Debsy Carob","Nutty Bites","Actual brand packaging; complete ingredients; allergens; sweetener details; verify any no-added-sugar claim.","AWAITING_VERIFICATION"
"ricky-ricardo","Debsy Carob","Ricky Ricardo","Actual brand packaging; complete ingredients; allergens; sweetener details; verify any no-added-sugar claim.","AWAITING_VERIFICATION"
"makatar-asiin","Distillates + Syrups","Myrtle Distillate","Exact botanical product and intended use; bottle ingredients; directions.","AWAITING_VERIFICATION"
"makatar-zaarour","Distillates + Syrups","Hawthorn Distillate","Exact botanical product and intended use; bottle ingredients; directions.","AWAITING_VERIFICATION"
"makatar-zaatar","Distillates + Syrups","Thyme Distillate","Exact botanical product and intended use; bottle ingredients; directions.","AWAITING_VERIFICATION"
"habaa","Herbs","Habaa Herb","Exact botanical identity; label safety warnings; intended usage and preparation instructions.","AWAITING_VERIFICATION"
"khaltet-el-manaa","Herbs","Immunity Herbal Blend","Exact botanical identity; label safety warnings; intended usage and preparation instructions.","AWAITING_VERIFICATION"
"khaltet-el-unoutha","Herbs","Women's Herbal Blend","Exact botanical identity; label safety warnings; intended usage and preparation instructions.","AWAITING_VERIFICATION"
"oshrok","Herbs","Oshrok Herb","Exact botanical identity; label safety warnings; intended usage and preparation instructions.","AWAITING_VERIFICATION"
"salamki","Herbs","Senna","Exact botanical identity; label safety warnings; intended usage and preparation instructions.","AWAITING_VERIFICATION"
"sheeh","Herbs","Wormwood","Exact botanical identity; label safety warnings; intended usage and preparation instructions.","AWAITING_VERIFICATION"
"zoufah","Herbs","Hyssop","Exact botanical identity; label safety warnings; intended usage and preparation instructions.","AWAITING_VERIFICATION"
"bee-pollen","Honey","Bee Pollen","Product identity and composition; any honey/bee-product allergens; no medical claims.","AWAITING_VERIFICATION"
"immune-boosting-honey-blend","Honey","Immune Boosting Honey Blend","Product identity and composition; any honey/bee-product allergens; no medical claims.","AWAITING_VERIFICATION"
"lokmet-el-nahel","Honey","Bee Bite","Product identity and composition; any honey/bee-product allergens; no medical claims.","AWAITING_VERIFICATION"
"proplis-with-ethanol","Honey","Propolis with Ethanol","Product identity and composition; any honey/bee-product allergens; no medical claims.","AWAITING_VERIFICATION"
"propolis-with-olive-oil","Honey","Propolis with Olive Oil","Product identity and composition; any honey/bee-product allergens; no medical claims.","AWAITING_VERIFICATION"
"raw-proplis","Honey","Raw Propolis","Product identity and composition; any honey/bee-product allergens; no medical claims.","AWAITING_VERIFICATION"
"elixir","Nuts + Seeds","Elixir","Front/back product label; full ingredient list; allergens; correct item identity.","AWAITING_VERIFICATION"
"krikri","Nuts + Seeds","Krikri","Front/back product label; full ingredient list; allergens; correct item identity.","AWAITING_VERIFICATION"
"argan-oil","Oils","Argan Oil","Front/back bottle label; food-grade versus cosmetic use; concentration; precautions and directions.","AWAITING_VERIFICATION"
"bitter-almond-oil","Oils","Bitter Almond Oil","Front/back bottle label; food-grade versus cosmetic use; concentration; precautions and directions.","AWAITING_VERIFICATION"
"blackseed-oil","Oils","Black Seed Oil","Front/back bottle label; food-grade versus cosmetic use; concentration; precautions and directions.","AWAITING_VERIFICATION"
"castor-seeds-oil","Oils","Castor Seed Oil","Front/back bottle label; food-grade versus cosmetic use; concentration; precautions and directions.","AWAITING_VERIFICATION"
"coconut-oil","Oils","Coconut Oil","Front/back bottle label; food-grade versus cosmetic use; concentration; precautions and directions.","AWAITING_VERIFICATION"
"pumpkin-seed-oil","Oils","Pumpkin Seed Oil","Front/back bottle label; food-grade versus cosmetic use; concentration; precautions and directions.","AWAITING_VERIFICATION"
"rose-oil","Oils","Rose Oil","Front/back bottle label; food-grade versus cosmetic use; concentration; precautions and directions.","AWAITING_VERIFICATION"
"rosemary-oil","Oils","Rosemary Oil","Front/back bottle label; food-grade versus cosmetic use; concentration; precautions and directions.","AWAITING_VERIFICATION"
"saad-oil","Oils","Saad Oil","Front/back bottle label; food-grade versus cosmetic use; concentration; precautions and directions.","AWAITING_VERIFICATION"
"sweet-almond-oil","Oils","Sweet Almond Oil","Front/back bottle label; food-grade versus cosmetic use; concentration; precautions and directions.","AWAITING_VERIFICATION"
"viventia-rosemary-oil","Oils","Viventia Rosemary Oil","Front/back bottle label; food-grade versus cosmetic use; concentration; precautions and directions.","AWAITING_VERIFICATION"
"kabees-meete","Pickles","Meete Pickles","Front/back product label; full ingredient list; allergens; correct item identity.","AWAITING_VERIFICATION"
"termos-helo","Pulses","Sweet Lupini Beans","Correct species and mandatory soaking/debittering/preparation directions.","AWAITING_VERIFICATION"
"termos-morr","Pulses","Bitter Lupini Beans","Correct species and mandatory soaking/debittering/preparation directions.","AWAITING_VERIFICATION"
"hive-soap","Soap","Hive Soap","Front/back product label; full ingredient list; allergens; correct item identity.","AWAITING_VERIFICATION"
"bhar-maggi","Spices","Maggi Seasoning","Front/back product label; full ingredient list; allergens; correct item identity.","AWAITING_VERIFICATION"
"bhar-philadelphia","Spices","Philadelphia Seasoning","Front/back product label; full ingredient list; allergens; correct item identity.","AWAITING_VERIFICATION"
"sabo","Sweets + Candy","Sabo","Front/back product label; full ingredient list; allergens; correct item identity.","AWAITING_VERIFICATION"
